{
  "round": 1,
  "client_id": 1,
  "timestamp": "2026-01-10T21:58:10.790456",
  "classes": [
    {
      "class_name": "chainsaw",
      "class_index": 1,
      "loss": 6.569555864739101,
      "memory_before": {
        "allocated_gb": 8.618064880371094,
        "reserved_gb": 9.572265625,
        "percent_used": 12.087896842218848
      },
      "memory_after": {
        "allocated_gb": 7.379753112792969,
        "reserved_gb": 7.787109375,
        "percent_used": 9.833594105269649
      },
      "delta_from_start": {
        "allocated_gb": -1.238311767578125,
        "reserved_gb": -1.78515625
      },
      "delta_from_previous": {
        "allocated_gb": -1.238311767578125,
        "reserved_gb": -1.78515625
      }
    }
  ],
  "summary": {
    "total_classes": 1,
    "memory_start": {
      "allocated_gb": 8.618064880371094,
      "reserved_gb": 9.572265625,
      "percent_used": 12.087896842218848
    },
    "memory_end": {
      "allocated_gb": 7.379753112792969,
      "reserved_gb": 7.787109375,
      "percent_used": 9.833594105269649
    },
    "total_growth": {
      "allocated_gb": -1.238311767578125,
      "reserved_gb": -1.78515625
    },
    "avg_loss": 6.569555864739101
  }
}